timestamp,source_url,title,scraped_content
2025-12-13T17:08:55.651771,https://www.reddit.com/r/Catmemes/comments/yl45se/tips_on_how_to_recognize_spambots/,Tips on how to recognize spambots,Tips on how to recognize spambots cat meme reddit
2025-12-13T17:08:55.651795,https://www.reddit.com/r/Catmemes/comments/1pllqaz/_/,, cat meme reddit
2025-12-13T17:08:55.651800,https://www.reddit.com/r/Catmemes/comments/1ploces/such_a_scam/,Such a scam,Such a scam cat meme reddit
2025-12-13T17:08:55.651803,https://www.reddit.com/r/Catmemes/comments/1plec1s/2_types_basically/,2 types basically,2 types basically cat meme reddit
2025-12-13T17:08:55.651807,https://www.reddit.com/r/Catmemes/comments/1pljwem/meow_meow_meow/,Meow meow meow,Meow meow meow cat meme reddit
2025-12-13T17:08:55.651814,https://www.reddit.com/r/Catmemes/comments/1plque1/us_bro_us/,Us bro Us,Us bro Us cat meme reddit
2025-12-13T17:08:55.651820,https://www.reddit.com/r/Catmemes/comments/1plmptz/its_illegal/,its illegal,its illegal cat meme reddit
2025-12-13T17:08:55.651825,https://www.reddit.com/r/Catmemes/comments/1pl461n/_/,, cat meme reddit
2025-12-13T17:08:55.651834,https://www.reddit.com/r/Catmemes/comments/1plhmf3/onward_to_the_treat_bag/,Onward To The Treat Bag,Onward To The Treat Bag cat meme reddit
2025-12-13T17:08:55.651841,https://www.reddit.com/r/Catmemes/comments/1plq0wm/meanwhile_i_skipped_leg_day/,Meanwhile I skipped leg day.,Meanwhile I skipped leg day. cat meme reddit
2025-12-13T17:08:55.651850,https://www.reddit.com/r/Catmemes/comments/1pl2ee9/thats_how_they_did_it_all_this_while/,Thats how they did it all this while,Thats how they did it all this while cat meme reddit
2025-12-13T17:08:55.651854,https://www.reddit.com/r/Catmemes/comments/1plrsas/question/,Question,Question cat meme reddit
2025-12-13T17:08:55.651862,https://www.reddit.com/r/Catmemes/comments/1plwfvq/exactly_how_i_read_it/,Exactly how I read it,Exactly how I read it cat meme reddit
2025-12-13T17:08:55.651868,https://www.reddit.com/r/Catmemes/comments/1pkn0ri/r_those_kangaroos/,R those kangaroos,R those kangaroos cat meme reddit
2025-12-13T17:08:55.651873,https://www.reddit.com/r/Catmemes/comments/1pkwkhg/very_relatable/,Very relatable,Very relatable cat meme reddit
2025-12-13T17:08:55.651879,https://www.reddit.com/r/Catmemes/comments/1plahtl/merry_catsmas/,Merry Catsmas,Merry Catsmas cat meme reddit
2025-12-13T17:08:55.651883,https://www.reddit.com/r/Catmemes/comments/1pknfn8/professional/,Professional,Professional cat meme reddit
2025-12-13T17:08:55.651887,https://www.reddit.com/r/Catmemes/comments/1pkrusv/living_a_double_life/,Living a double life,Living a double life cat meme reddit
2025-12-13T17:08:55.651892,https://www.reddit.com/r/Catmemes/comments/1plxe32/every_time_i_tell_him_to_get_in_shape/,Every time I tell him to get in shape,Every time I tell him to get in shape cat meme reddit
2025-12-13T17:08:55.651896,https://www.reddit.com/r/Catmemes/comments/1pkfqql/love_this_page/,Love this page,Love this page cat meme reddit
2025-12-13T17:08:55.651899,https://www.reddit.com/r/Catmemes/comments/1pknu09/how_sad/,How Sad,How Sad cat meme reddit
2025-12-13T17:08:55.651901,https://www.reddit.com/r/Catmemes/comments/1pkyvn0/good_morning_everyone/,Good Morning everyone.,Good Morning everyone. cat meme reddit
2025-12-13T17:08:55.651904,https://www.reddit.com/r/Catmemes/comments/1pk3tgo/oh_no_too_many_babies_help/,oh no too many babies HELP,oh no too many babies HELP cat meme reddit
2025-12-13T17:08:55.651906,https://www.reddit.com/r/Catmemes/comments/1pkib2t/meow_irl/,MEOW_irl,MEOW_irl cat meme reddit
2025-12-13T17:08:55.651909,https://www.reddit.com/r/Catmemes/comments/1pkqlbr/pov_you_survived_the_week/,POV You survived the week.,POV You survived the week. cat meme reddit
